CDR3,Antigen,HLA,Label
CASRDGQGAGNEQFF,VTEHDTLLY,A*01:01,1
CASRDGQGSGNTIYF,VTEHDTLLY,A*01:01,1
CASRMGPHGRTGELFF,VSDGGPNLY,A*01:01,1
CASRPTGTGASYEQYF,VTEHDTLLY,A*01:01,1
CASRTQTSGKMELFF,VTEHDTLLY,A*01:01,1
CASSDGQVAPGELFF,GLCTLVAML,A*02:01,1
CASSDHVINQPQHF,CLGGLLTMV,A*02:01,1
CASSEALAGVDTGELFF,GLDNHTILL,A*02:01,1
CASSGLSGGNYNEQFF,CLGGLLTMV,A*02:01,1
CASSHSPGVGAGHLYGYTF,VTEHDTLLY,A*01:01,1
CASSIGGEGQYF,LIVAAIVFI,A*02:01,1
CASSIRAGGNEQFF,GILGFVFTL,A*02:01,1
CASSIRSAYEQFF,GILGFVFTL,A*02:01,1
CASSIRSNTEAFF,GILGFVFTL,A*02:01,1
CASSLDGNNYGYTF,CLGGLLTMV,A*02:01,1
CASSLEYGTAPYEQYF,VTEHDTLLY,A*01:01,1
CASSLGGLSGELFF,CLGGLLTMV,A*02:01,1
CASSNQGDGTDTQYF,GLCTLVAML,A*02:01,1
CASSPTSGSIYEQYF,GLCTLVAML,A*02:01,1
CASSQDLEEINTEAFF,CLGGLLTMV,A*02:01,1
CASSQGFGRYEQYF,GLDNHTILL,A*02:01,1
CASSQGLGKYEQYF,GLDNHTILL,A*02:01,1
CASSQGNYEQYF,CLGGLLTMV,A*02:01,1
CASSQGQGKYEQYF,GLDNHTILL,A*02:01,1
CASSQGQLTYSGANVLTF,GLDNHTILL,A*02:01,1
CASSQMGDGETQYF,VSDGGPNLY,A*01:01,1
CASSREKVPYEQYF,VTEHDTLLY,A*01:01,1
CASSSGQINTGELFF,GLDNHTILL,A*02:01,1
CASSSGQLSNTGELFF,GLCTLVAML,A*02:01,1
CASSSKTSGRFYEQFF,VTEHDTLLY,A*01:01,1
CASSSVNEQYF,NLVPMVATV,A*02:01,1
CASSTDPYEAFF,LIVAAIVFI,A*02:01,1
CASSYGGLATEAFF,CLGGLLTMV,A*02:01,1
CASSYGGLSYEQYF,CLGGLLTMV,A*02:01,1
CATRLKGTEGLFF,CLGGLLTMV,A*02:01,1
CATRQGFTEAFF,VTEHDTLLY,A*01:01,1
CATSRVQGRVTGELFF,VTEHDTLLY,A*01:01,1
CATSSLMTGGTSNEQFF,VTEHDTLLY,A*01:01,1
CATSSPAESTDTQYF,YSEHPTFTSQY,A*01:01,1
CAWSVLTAGEQFF,CLGGLLTMV,A*02:01,1
CSALQENTGELFF,GLDNHTILL,A*02:01,1
CSAQDRENYGYTF,VSDGGPNLY,A*01:01,1
CSARREFGTSGGSSYNEQFF,NLVPMVATV,A*02:01,1
CSARRLGTDKREQYF,VTEHDTLLY,A*01:01,1
CSGEWDQNIQYF,GLCTLVAML,A*02:01,1
CSVGGSFYGYTF,GLCTLVAML,A*02:01,1
CASRDGQGAGNEQFF,GLCTLVAML,A*01:01,0
CASRDGQGAGNEQFF,NLVPMVATV,A*01:01,0
CASRDGQGAGNEQFF,VSDGGPNLY,A*02:01,0
CASRDGQGAGNEQFF,GLDNHTILL,A*01:01,0
CASRDGQGAGNEQFF,YSEHPTFTSQY,A*01:01,0
CASRDGQGAGNEQFF,VSDGGPNLY,A*01:01,0
CASRDGQGAGNEQFF,LIVAAIVFI,A*02:01,0
CASRDGQGSGNTIYF,CLGGLLTMV,A*01:01,0
CASRDGQGSGNTIYF,VSDGGPNLY,A*02:01,0
CASRDGQGSGNTIYF,GILGFVFTL,A*02:01,0
CASRDGQGSGNTIYF,GLDNHTILL,A*01:01,0
CASRDGQGSGNTIYF,CLGGLLTMV,A*02:01,0
CASRMGPHGRTGELFF,LIVAAIVFI,A*02:01,0
CASRMGPHGRTGELFF,GLCTLVAML,A*02:01,0
CASRMGPHGRTGELFF,YSEHPTFTSQY,A*01:01,0
CASRMGPHGRTGELFF,LIVAAIVFI,A*01:01,0
CASRMGPHGRTGELFF,YSEHPTFTSQY,A*02:01,0
CASRMGPHGRTGELFF,NLVPMVATV,A*02:01,0
CASRMGPHGRTGELFF,GILGFVFTL,A*01:01,0
CASRMGPHGRTGELFF,GLCTLVAML,A*01:01,0
CASRPTGTGASYEQYF,YSEHPTFTSQY,A*01:01,0
CASRPTGTGASYEQYF,VSDGGPNLY,A*01:01,0
CASRTQTSGKMELFF,LIVAAIVFI,A*02:01,0
CASRTQTSGKMELFF,YSEHPTFTSQY,A*01:01,0
CASRTQTSGKMELFF,CLGGLLTMV,A*02:01,0
CASRTQTSGKMELFF,VSDGGPNLY,A*02:01,0
CASSDGQVAPGELFF,GILGFVFTL,A*01:01,0
CASSDGQVAPGELFF,GLDNHTILL,A*02:01,0
CASSDGQVAPGELFF,GLCTLVAML,A*01:01,0
CASSDGQVAPGELFF,GLDNHTILL,A*01:01,0
CASSDGQVAPGELFF,VTEHDTLLY,A*01:01,0
CASSDGQVAPGELFF,VSDGGPNLY,A*02:01,0
CASSDGQVAPGELFF,CLGGLLTMV,A*02:01,0
CASSDHVINQPQHF,NLVPMVATV,A*01:01,0
CASSDHVINQPQHF,GLCTLVAML,A*02:01,0
CASSDHVINQPQHF,VTEHDTLLY,A*01:01,0
CASSDHVINQPQHF,VSDGGPNLY,A*01:01,0
CASSDHVINQPQHF,YSEHPTFTSQY,A*01:01,0
CASSEALAGVDTGELFF,VSDGGPNLY,A*01:01,0
CASSEALAGVDTGELFF,VSDGGPNLY,A*02:01,0
CASSEALAGVDTGELFF,YSEHPTFTSQY,A*01:01,0
CASSEALAGVDTGELFF,GLCTLVAML,A*02:01,0
CASSEALAGVDTGELFF,VTEHDTLLY,A*02:01,0
CASSEALAGVDTGELFF,GILGFVFTL,A*01:01,0
CASSEALAGVDTGELFF,GILGFVFTL,A*02:01,0
CASSEALAGVDTGELFF,CLGGLLTMV,A*01:01,0
CASSGLSGGNYNEQFF,YSEHPTFTSQY,A*02:01,0
CASSGLSGGNYNEQFF,NLVPMVATV,A*02:01,0
CASSGLSGGNYNEQFF,GILGFVFTL,A*01:01,0
CASSGLSGGNYNEQFF,LIVAAIVFI,A*01:01,0
CASSGLSGGNYNEQFF,VTEHDTLLY,A*01:01,0
CASSHSPGVGAGHLYGYTF,LIVAAIVFI,A*02:01,0
CASSHSPGVGAGHLYGYTF,GLCTLVAML,A*02:01,0
CASSHSPGVGAGHLYGYTF,CLGGLLTMV,A*01:01,0
CASSHSPGVGAGHLYGYTF,GLDNHTILL,A*02:01,0
CASSHSPGVGAGHLYGYTF,LIVAAIVFI,A*01:01,0
CASSIGGEGQYF,VTEHDTLLY,A*01:01,0
CASSIGGEGQYF,GLCTLVAML,A*01:01,0
CASSIGGEGQYF,VSDGGPNLY,A*01:01,0
CASSIGGEGQYF,NLVPMVATV,A*02:01,0
CASSIGGEGQYF,GLDNHTILL,A*02:01,0
CASSIGGEGQYF,GLCTLVAML,A*02:01,0
CASSIRAGGNEQFF,GLCTLVAML,A*01:01,0
CASSIRAGGNEQFF,GLDNHTILL,A*01:01,0
CASSIRAGGNEQFF,LIVAAIVFI,A*02:01,0
CASSIRAGGNEQFF,VSDGGPNLY,A*02:01,0
CASSIRSAYEQFF,GLCTLVAML,A*02:01,0
CASSIRSAYEQFF,VTEHDTLLY,A*02:01,0
CASSIRSAYEQFF,CLGGLLTMV,A*02:01,0
CASSIRSAYEQFF,LIVAAIVFI,A*02:01,0
CASSIRSAYEQFF,CLGGLLTMV,A*01:01,0
CASSIRSNTEAFF,GLDNHTILL,A*01:01,0
CASSIRSNTEAFF,LIVAAIVFI,A*01:01,0
CASSIRSNTEAFF,CLGGLLTMV,A*01:01,0
CASSIRSNTEAFF,GLDNHTILL,A*02:01,0
CASSIRSNTEAFF,GILGFVFTL,A*01:01,0
CASSIRSNTEAFF,VSDGGPNLY,A*02:01,0
CASSLDGNNYGYTF,VSDGGPNLY,A*01:01,0
CASSLDGNNYGYTF,GILGFVFTL,A*01:01,0
CASSLDGNNYGYTF,CLGGLLTMV,A*01:01,0
CASSLDGNNYGYTF,GLCTLVAML,A*01:01,0
CASSLDGNNYGYTF,LIVAAIVFI,A*02:01,0
CASSLDGNNYGYTF,GLDNHTILL,A*02:01,0
CASSLEYGTAPYEQYF,GLDNHTILL,A*02:01,0
CASSLEYGTAPYEQYF,GLCTLVAML,A*01:01,0
CASSLEYGTAPYEQYF,NLVPMVATV,A*01:01,0
CASSLEYGTAPYEQYF,VSDGGPNLY,A*02:01,0
CASSLGGLSGELFF,LIVAAIVFI,A*01:01,0
CASSLGGLSGELFF,GLDNHTILL,A*01:01,0
CASSLGGLSGELFF,VTEHDTLLY,A*02:01,0
CASSLGGLSGELFF,NLVPMVATV,A*02:01,0
CASSLGGLSGELFF,VTEHDTLLY,A*01:01,0
CASSNQGDGTDTQYF,LIVAAIVFI,A*02:01,0
CASSNQGDGTDTQYF,CLGGLLTMV,A*02:01,0
CASSNQGDGTDTQYF,YSEHPTFTSQY,A*02:01,0
CASSNQGDGTDTQYF,GLCTLVAML,A*01:01,0
CASSPTSGSIYEQYF,LIVAAIVFI,A*01:01,0
CASSPTSGSIYEQYF,VSDGGPNLY,A*02:01,0
CASSPTSGSIYEQYF,YSEHPTFTSQY,A*02:01,0
CASSQDLEEINTEAFF,NLVPMVATV,A*01:01,0
CASSQDLEEINTEAFF,YSEHPTFTSQY,A*01:01,0
CASSQDLEEINTEAFF,GLDNHTILL,A*02:01,0
CASSQGFGRYEQYF,VSDGGPNLY,A*01:01,0
CASSQGFGRYEQYF,NLVPMVATV,A*02:01,0
CASSQGFGRYEQYF,YSEHPTFTSQY,A*02:01,0
CASSQGFGRYEQYF,YSEHPTFTSQY,A*01:01,0
CASSQGFGRYEQYF,CLGGLLTMV,A*01:01,0
CASSQGFGRYEQYF,LIVAAIVFI,A*01:01,0
CASSQGFGRYEQYF,GILGFVFTL,A*02:01,0
CASSQGFGRYEQYF,NLVPMVATV,A*01:01,0
CASSQGLGKYEQYF,NLVPMVATV,A*01:01,0
CASSQGLGKYEQYF,LIVAAIVFI,A*01:01,0
CASSQGLGKYEQYF,VTEHDTLLY,A*02:01,0
CASSQGLGKYEQYF,CLGGLLTMV,A*02:01,0
CASSQGLGKYEQYF,VSDGGPNLY,A*02:01,0
CASSQGLGKYEQYF,VTEHDTLLY,A*01:01,0
CASSQGNYEQYF,VSDGGPNLY,A*01:01,0
CASSQGNYEQYF,VSDGGPNLY,A*02:01,0
CASSQGQGKYEQYF,LIVAAIVFI,A*01:01,0
CASSQGQGKYEQYF,NLVPMVATV,A*01:01,0
CASSQGQGKYEQYF,GLCTLVAML,A*02:01,0
CASSQGQGKYEQYF,GILGFVFTL,A*02:01,0
CASSQGQLTYSGANVLTF,GLDNHTILL,A*01:01,0
CASSQGQLTYSGANVLTF,NLVPMVATV,A*01:01,0
CASSQGQLTYSGANVLTF,VTEHDTLLY,A*01:01,0
CASSQGQLTYSGANVLTF,GLCTLVAML,A*02:01,0
CASSQMGDGETQYF,GILGFVFTL,A*01:01,0
CASSQMGDGETQYF,GLCTLVAML,A*02:01,0
CASSQMGDGETQYF,LIVAAIVFI,A*01:01,0
CASSQMGDGETQYF,GLDNHTILL,A*02:01,0
CASSQMGDGETQYF,NLVPMVATV,A*02:01,0
CASSREKVPYEQYF,GLDNHTILL,A*02:01,0
CASSREKVPYEQYF,LIVAAIVFI,A*01:01,0
CASSREKVPYEQYF,GILGFVFTL,A*02:01,0
CASSREKVPYEQYF,GLCTLVAML,A*01:01,0
CASSREKVPYEQYF,GILGFVFTL,A*01:01,0
CASSREKVPYEQYF,GLDNHTILL,A*01:01,0
CASSSGQINTGELFF,YSEHPTFTSQY,A*02:01,0
CASSSGQINTGELFF,VSDGGPNLY,A*02:01,0
CASSSGQINTGELFF,LIVAAIVFI,A*02:01,0
CASSSGQINTGELFF,GILGFVFTL,A*01:01,0
CASSSKTSGRFYEQFF,VSDGGPNLY,A*01:01,0
CASSSKTSGRFYEQFF,NLVPMVATV,A*01:01,0
CASSSKTSGRFYEQFF,GLCTLVAML,A*02:01,0
CASSSKTSGRFYEQFF,NLVPMVATV,A*02:01,0
CASSSKTSGRFYEQFF,GLCTLVAML,A*01:01,0
CASSSVNEQYF,LIVAAIVFI,A*01:01,0
CASSSVNEQYF,GLDNHTILL,A*01:01,0
CASSSVNEQYF,GLDNHTILL,A*02:01,0
CASSSVNEQYF,LIVAAIVFI,A*02:01,0
CASSTDPYEAFF,GLDNHTILL,A*01:01,0
CASSTDPYEAFF,NLVPMVATV,A*02:01,0
CASSTDPYEAFF,GILGFVFTL,A*01:01,0
CASSTDPYEAFF,NLVPMVATV,A*01:01,0
CASSTDPYEAFF,YSEHPTFTSQY,A*02:01,0
CASSTDPYEAFF,GLDNHTILL,A*02:01,0
CASSTDPYEAFF,CLGGLLTMV,A*02:01,0
CASSYGGLATEAFF,GLCTLVAML,A*01:01,0
CASSYGGLATEAFF,NLVPMVATV,A*01:01,0
CASSYGGLATEAFF,VSDGGPNLY,A*01:01,0
CASSYGGLATEAFF,GLDNHTILL,A*02:01,0
CASSYGGLATEAFF,LIVAAIVFI,A*02:01,0
CASSYGGLSYEQYF,LIVAAIVFI,A*02:01,0
CASSYGGLSYEQYF,VSDGGPNLY,A*01:01,0
CASSYGGLSYEQYF,GLDNHTILL,A*02:01,0
CASSYGGLSYEQYF,LIVAAIVFI,A*01:01,0
CASSYGGLSYEQYF,GILGFVFTL,A*01:01,0
CASSYGGLSYEQYF,YSEHPTFTSQY,A*02:01,0
CASSYGGLSYEQYF,YSEHPTFTSQY,A*01:01,0
CATRLKGTEGLFF,GILGFVFTL,A*02:01,0
CATRLKGTEGLFF,YSEHPTFTSQY,A*02:01,0
CATRLKGTEGLFF,YSEHPTFTSQY,A*01:01,0
CATRLKGTEGLFF,NLVPMVATV,A*01:01,0
CATRLKGTEGLFF,NLVPMVATV,A*02:01,0
CATRLKGTEGLFF,LIVAAIVFI,A*02:01,0
CATRQGFTEAFF,CLGGLLTMV,A*01:01,0
CATRQGFTEAFF,YSEHPTFTSQY,A*02:01,0
CATRQGFTEAFF,NLVPMVATV,A*01:01,0
CATRQGFTEAFF,YSEHPTFTSQY,A*01:01,0
CATRQGFTEAFF,GLCTLVAML,A*01:01,0
CATSRVQGRVTGELFF,GLCTLVAML,A*02:01,0
CATSRVQGRVTGELFF,GLCTLVAML,A*01:01,0
CATSRVQGRVTGELFF,CLGGLLTMV,A*02:01,0
CATSRVQGRVTGELFF,GLDNHTILL,A*01:01,0
CATSRVQGRVTGELFF,VSDGGPNLY,A*01:01,0
CATSSLMTGGTSNEQFF,GILGFVFTL,A*02:01,0
CATSSLMTGGTSNEQFF,VSDGGPNLY,A*01:01,0
CATSSLMTGGTSNEQFF,LIVAAIVFI,A*01:01,0
CATSSLMTGGTSNEQFF,YSEHPTFTSQY,A*02:01,0
CATSSPAESTDTQYF,GILGFVFTL,A*02:01,0
CATSSPAESTDTQYF,GLDNHTILL,A*02:01,0
CATSSPAESTDTQYF,LIVAAIVFI,A*02:01,0
CATSSPAESTDTQYF,VTEHDTLLY,A*01:01,0
CAWSVLTAGEQFF,NLVPMVATV,A*01:01,0
CAWSVLTAGEQFF,GLDNHTILL,A*01:01,0
CAWSVLTAGEQFF,VTEHDTLLY,A*02:01,0
CAWSVLTAGEQFF,VTEHDTLLY,A*01:01,0
CAWSVLTAGEQFF,NLVPMVATV,A*02:01,0
CAWSVLTAGEQFF,GLDNHTILL,A*02:01,0
CSALQENTGELFF,GILGFVFTL,A*01:01,0
CSALQENTGELFF,VTEHDTLLY,A*02:01,0
CSALQENTGELFF,CLGGLLTMV,A*02:01,0
CSALQENTGELFF,NLVPMVATV,A*01:01,0
CSALQENTGELFF,LIVAAIVFI,A*02:01,0
CSALQENTGELFF,NLVPMVATV,A*02:01,0
CSALQENTGELFF,GLCTLVAML,A*02:01,0
CSALQENTGELFF,VSDGGPNLY,A*01:01,0
CSALQENTGELFF,YSEHPTFTSQY,A*01:01,0
CSAQDRENYGYTF,VTEHDTLLY,A*02:01,0
CSAQDRENYGYTF,YSEHPTFTSQY,A*02:01,0
CSAQDRENYGYTF,VTEHDTLLY,A*01:01,0
CSAQDRENYGYTF,CLGGLLTMV,A*01:01,0
CSARREFGTSGGSSYNEQFF,GLDNHTILL,A*02:01,0
CSARREFGTSGGSSYNEQFF,GILGFVFTL,A*01:01,0
CSARREFGTSGGSSYNEQFF,LIVAAIVFI,A*01:01,0
CSARREFGTSGGSSYNEQFF,VTEHDTLLY,A*01:01,0
CSARREFGTSGGSSYNEQFF,GLDNHTILL,A*01:01,0
CSARRLGTDKREQYF,NLVPMVATV,A*02:01,0
CSARRLGTDKREQYF,GILGFVFTL,A*02:01,0
CSARRLGTDKREQYF,CLGGLLTMV,A*01:01,0
CSARRLGTDKREQYF,VSDGGPNLY,A*02:01,0
CSGEWDQNIQYF,NLVPMVATV,A*02:01,0
CSGEWDQNIQYF,LIVAAIVFI,A*02:01,0
CSGEWDQNIQYF,GILGFVFTL,A*02:01,0
CSGEWDQNIQYF,GLDNHTILL,A*02:01,0
CSGEWDQNIQYF,GILGFVFTL,A*01:01,0
CSVGGSFYGYTF,YSEHPTFTSQY,A*01:01,0
CSVGGSFYGYTF,GLDNHTILL,A*02:01,0
CSVGGSFYGYTF,CLGGLLTMV,A*02:01,0
CSVGGSFYGYTF,YSEHPTFTSQY,A*02:01,0
