CDR3,Antigen,HLA,Label,label,predict,predict_prob
CASRDGQGAGNEQFF,VTEHDTLLY,A*01:01,1,1,0,5.236575e-06
CASRDGQGSGNTIYF,VTEHDTLLY,A*01:01,1,1,0,5.236575e-06
CASRMGPHGRTGELFF,VSDGGPNLY,A*01:01,1,1,0,4.2656243e-06
CASRPTGTGASYEQYF,VTEHDTLLY,A*01:01,1,1,0,5.236575e-06
CASRTQTSGKMELFF,VTEHDTLLY,A*01:01,1,1,0,5.236575e-06
CASSDGQVAPGELFF,GLCTLVAML,A*02:01,1,1,0,1.8479967e-06
CASSDHVINQPQHF,CLGGLLTMV,A*02:01,1,1,0,1.8661977e-06
CASSEALAGVDTGELFF,GLDNHTILL,A*02:01,1,1,0,1.9392862e-06
CASSGLSGGNYNEQFF,CLGGLLTMV,A*02:01,1,1,1,0.9990264
CASSHSPGVGAGHLYGYTF,VTEHDTLLY,A*01:01,1,1,1,0.9988324
CASSIGGEGQYF,LIVAAIVFI,A*02:01,1,1,1,0.9990239
CASSIRAGGNEQFF,GILGFVFTL,A*02:01,1,1,1,0.99905187
CASSIRSAYEQFF,GILGFVFTL,A*02:01,1,1,1,0.99905187
CASSIRSNTEAFF,GILGFVFTL,A*02:01,1,1,1,0.99905187
CASSLDGNNYGYTF,CLGGLLTMV,A*02:01,1,1,0,0.001968924
CASSLEYGTAPYEQYF,VTEHDTLLY,A*01:01,1,1,0,0.0017376009
CASSLGGLSGELFF,CLGGLLTMV,A*02:01,1,1,0,0.001968924
CASSNQGDGTDTQYF,GLCTLVAML,A*02:01,1,1,0,0.0020027536
CASSPTSGSIYEQYF,GLCTLVAML,A*02:01,1,1,0,0.0020027536
CASSQDLEEINTEAFF,CLGGLLTMV,A*02:01,1,1,0,0.001968924
CASSQGFGRYEQYF,GLDNHTILL,A*02:01,1,1,0,0.0019245031
CASSQGLGKYEQYF,GLDNHTILL,A*02:01,1,1,0,0.0019245031
CASSQGNYEQYF,CLGGLLTMV,A*02:01,1,1,0,0.001968924
CASSQGQGKYEQYF,GLDNHTILL,A*02:01,1,1,0,0.013684979
CASSQGQLTYSGANVLTF,GLDNHTILL,A*02:01,1,1,0,0.013684979
CASSQMGDGETQYF,VSDGGPNLY,A*01:01,1,1,0,0.011309328
CASSREKVPYEQYF,VTEHDTLLY,A*01:01,1,1,0,0.009842698
CASSSGQINTGELFF,GLDNHTILL,A*02:01,1,1,0,0.012350912
CASSSGQLSNTGELFF,GLCTLVAML,A*02:01,1,1,0,0.013006936
CASSSKTSGRFYEQFF,VTEHDTLLY,A*01:01,1,1,0,0.009842698
CASSSVNEQYF,NLVPMVATV,A*02:01,1,1,0,0.024780514
CASSTDPYEAFF,LIVAAIVFI,A*02:01,1,1,0,1.31678854e-08
CASSYGGLATEAFF,CLGGLLTMV,A*02:01,1,1,0,4.653179e-10
CASSYGGLSYEQYF,CLGGLLTMV,A*02:01,1,1,0,4.653179e-10
CATRLKGTEGLFF,CLGGLLTMV,A*02:01,1,1,0,4.653179e-10
CATRQGFTEAFF,VTEHDTLLY,A*01:01,1,1,0,2.4511457e-10
CATSRVQGRVTGELFF,VTEHDTLLY,A*01:01,1,1,0,2.4511457e-10
CATSSLMTGGTSNEQFF,VTEHDTLLY,A*01:01,1,1,0,2.4511457e-10
CATSSPAESTDTQYF,YSEHPTFTSQY,A*01:01,1,1,0,1.0109801e-10
CAWSVLTAGEQFF,CLGGLLTMV,A*02:01,1,1,0,0.36372536
CSALQENTGELFF,GLDNHTILL,A*02:01,1,1,0,0.43930626
CSAQDRENYGYTF,VSDGGPNLY,A*01:01,1,1,0,0.40364763
CSARREFGTSGGSSYNEQFF,NLVPMVATV,A*02:01,1,1,0,0.3299186
CSARRLGTDKREQYF,VTEHDTLLY,A*01:01,1,1,0,0.36608925
CSGEWDQNIQYF,GLCTLVAML,A*02:01,1,1,0,0.4134191
CSVGGSFYGYTF,GLCTLVAML,A*02:01,1,1,0,1.4102014e-08
CASRDGQGAGNEQFF,GLCTLVAML,A*01:01,0,0,0,3.93307e-09
CASRDGQGAGNEQFF,NLVPMVATV,A*01:01,0,0,0,1.6104783e-09
CASRDGQGAGNEQFF,VSDGGPNLY,A*02:01,0,0,0,1.0838592e-08
CASRDGQGAGNEQFF,GLDNHTILL,A*01:01,0,0,0,1.2887698e-09
CASRDGQGAGNEQFF,YSEHPTFTSQY,A*01:01,0,0,0,9.717314e-10
CASRDGQGAGNEQFF,VSDGGPNLY,A*01:01,0,0,0,4.591984e-09
CASRDGQGAGNEQFF,LIVAAIVFI,A*02:01,0,0,0,6.2918044e-09
CASRDGQGSGNTIYF,CLGGLLTMV,A*01:01,0,0,0,1.3933408e-09
CASRDGQGSGNTIYF,VSDGGPNLY,A*02:01,0,0,0,3.2151493e-06
CASRDGQGSGNTIYF,GILGFVFTL,A*02:01,0,0,0,2.5814884e-06
CASRDGQGSGNTIYF,GLDNHTILL,A*01:01,0,0,0,4.1935346e-07
CASRDGQGSGNTIYF,CLGGLLTMV,A*02:01,0,0,0,9.156722e-07
CASRMGPHGRTGELFF,LIVAAIVFI,A*02:01,0,0,0,3.408037e-06
CASRMGPHGRTGELFF,GLCTLVAML,A*02:01,0,0,0,4.2587462e-06
CASRMGPHGRTGELFF,YSEHPTFTSQY,A*01:01,0,0,0,2.5153331e-05
CASRMGPHGRTGELFF,LIVAAIVFI,A*01:01,0,0,0,6.9424255e-05
CASRMGPHGRTGELFF,YSEHPTFTSQY,A*02:01,0,0,0,4.5558685e-05
CASRMGPHGRTGELFF,NLVPMVATV,A*02:01,0,0,0,4.059024e-05
CASRMGPHGRTGELFF,GILGFVFTL,A*01:01,0,0,0,4.447036e-05
CASRMGPHGRTGELFF,GLCTLVAML,A*01:01,0,0,0,8.18734e-05
CASRPTGTGASYEQYF,YSEHPTFTSQY,A*01:01,0,0,0,0.19050674
CASRPTGTGASYEQYF,VSDGGPNLY,A*01:01,0,0,0,0.22356729
CASRTQTSGKMELFF,LIVAAIVFI,A*02:01,0,0,0,0.28207463
CASRTQTSGKMELFF,YSEHPTFTSQY,A*01:01,0,0,0,0.19050674
CASRTQTSGKMELFF,CLGGLLTMV,A*02:01,0,0,0,0.23202355
CASRTQTSGKMELFF,VSDGGPNLY,A*02:01,0,0,0,0.2667523
CASSDGQVAPGELFF,GILGFVFTL,A*01:01,0,0,0,0.21655656
CASSDGQVAPGELFF,GLDNHTILL,A*02:01,0,0,0,0.011605689
CASSDGQVAPGELFF,GLCTLVAML,A*01:01,0,0,0,0.008369389
CASSDGQVAPGELFF,GLDNHTILL,A*01:01,0,0,0,0.011422307
CASSDGQVAPGELFF,VTEHDTLLY,A*01:01,0,0,0,0.009934167
CASSDGQVAPGELFF,VSDGGPNLY,A*02:01,0,0,0,0.010309429
CASSDGQVAPGELFF,CLGGLLTMV,A*02:01,0,0,0,8.720336e-06
CASSDHVINQPQHF,NLVPMVATV,A*01:01,0,0,0,3.8643893e-06
CASSDHVINQPQHF,GLCTLVAML,A*02:01,0,0,0,3.5230438e-05
CASSDHVINQPQHF,VTEHDTLLY,A*01:01,0,0,0,3.184624e-06
CASSDHVINQPQHF,VSDGGPNLY,A*01:01,0,0,0,8.444708e-06
CASSDHVINQPQHF,YSEHPTFTSQY,A*01:01,0,0,0,2.7188805e-06
CASSEALAGVDTGELFF,VSDGGPNLY,A*01:01,0,0,1,0.83908165
CASSEALAGVDTGELFF,VSDGGPNLY,A*02:01,0,0,1,0.85458803
CASSEALAGVDTGELFF,YSEHPTFTSQY,A*01:01,0,0,1,0.8334214
CASSEALAGVDTGELFF,GLCTLVAML,A*02:01,0,0,1,0.8514653
CASSEALAGVDTGELFF,VTEHDTLLY,A*02:01,0,0,1,0.83566165
CASSEALAGVDTGELFF,GILGFVFTL,A*01:01,0,0,1,0.8478095
CASSEALAGVDTGELFF,GILGFVFTL,A*02:01,0,0,1,0.8644508
CASSEALAGVDTGELFF,CLGGLLTMV,A*01:01,0,0,0,8.736343e-23
CASSGLSGGNYNEQFF,YSEHPTFTSQY,A*02:01,0,0,0,9.836746e-23
CASSGLSGGNYNEQFF,NLVPMVATV,A*02:01,0,0,0,1.2128656e-22
CASSGLSGGNYNEQFF,GILGFVFTL,A*01:01,0,0,0,5.6567274e-22
CASSGLSGGNYNEQFF,LIVAAIVFI,A*01:01,0,0,0,7.0269786e-22
CASSGLSGGNYNEQFF,VTEHDTLLY,A*01:01,0,0,0,4.0805298e-23
CASSHSPGVGAGHLYGYTF,LIVAAIVFI,A*02:01,0,0,0,4.4216605e-22
CASSHSPGVGAGHLYGYTF,GLCTLVAML,A*02:01,0,0,0,4.7516626e-15
CASSHSPGVGAGHLYGYTF,CLGGLLTMV,A*01:01,0,0,0,2.1083674e-16
CASSHSPGVGAGHLYGYTF,GLDNHTILL,A*02:01,0,0,0,2.6637624e-16
CASSHSPGVGAGHLYGYTF,LIVAAIVFI,A*01:01,0,0,0,1.8747569e-15
CASSIGGEGQYF,VTEHDTLLY,A*01:01,0,0,0,1.1736712e-16
CASSIGGEGQYF,GLCTLVAML,A*01:01,0,0,0,5.02692e-37
CASSIGGEGQYF,VSDGGPNLY,A*01:01,0,0,0,4.3815478e-37
CASSIGGEGQYF,NLVPMVATV,A*02:01,0,0,0,3.5957153e-38
CASSIGGEGQYF,GLDNHTILL,A*02:01,0,0,0,4.9963476e-38
CASSIGGEGQYF,GLCTLVAML,A*02:01,0,0,0,5.810127e-36
CASSIRAGGNEQFF,GLCTLVAML,A*01:01,0,0,0,5.02692e-37
CASSIRAGGNEQFF,GLDNHTILL,A*01:01,0,0,0,4.2362624e-12
CASSIRAGGNEQFF,LIVAAIVFI,A*02:01,0,0,0,1.7113076e-12
CASSIRAGGNEQFF,VSDGGPNLY,A*02:01,0,0,0,2.0487687e-12
CASSIRSAYEQFF,GLCTLVAML,A*02:01,0,0,0,2.4628498e-12
CASSIRSAYEQFF,VTEHDTLLY,A*02:01,0,0,0,3.7191647e-12
CASSIRSAYEQFF,CLGGLLTMV,A*02:01,0,0,0,0.0
CASSIRSAYEQFF,LIVAAIVFI,A*02:01,0,0,0,8.308e-42
CASSIRSAYEQFF,CLGGLLTMV,A*01:01,0,0,0,0.0
CASSIRSNTEAFF,GLDNHTILL,A*01:01,0,0,0,0.0
CASSIRSNTEAFF,LIVAAIVFI,A*01:01,0,0,0,3e-45
CASSIRSNTEAFF,CLGGLLTMV,A*01:01,0,0,0,0.0
CASSIRSNTEAFF,GLDNHTILL,A*02:01,0,0,0,0.0
CASSIRSNTEAFF,GILGFVFTL,A*01:01,0,0,0,1e-45
CASSIRSNTEAFF,VSDGGPNLY,A*02:01,0,0,0,1.8552233e-20
CASSLDGNNYGYTF,VSDGGPNLY,A*01:01,0,0,0,6.2162145e-20
CASSLDGNNYGYTF,GILGFVFTL,A*01:01,0,0,0,1.5786514e-20
CASSLDGNNYGYTF,CLGGLLTMV,A*01:01,0,0,0,1.2502603e-20
CASSLDGNNYGYTF,GLCTLVAML,A*01:01,0,0,0,8.513364e-20
CASSLDGNNYGYTF,LIVAAIVFI,A*02:01,0,0,0,1.5706325e-20
CASSLDGNNYGYTF,GLDNHTILL,A*02:01,0,0,0,2.0819397e-21
CASSLEYGTAPYEQYF,GLDNHTILL,A*02:01,0,0,0,2.0819397e-21
CASSLEYGTAPYEQYF,GLCTLVAML,A*01:01,0,0,0,8.513364e-20
CASSLEYGTAPYEQYF,NLVPMVATV,A*01:01,0,0,0,1.4445839e-14
CASSLEYGTAPYEQYF,VSDGGPNLY,A*02:01,0,0,0,2.9153133e-14
CASSLGGLSGELFF,LIVAAIVFI,A*01:01,0,0,0,8.217974e-14
CASSLGGLSGELFF,GLDNHTILL,A*01:01,0,0,0,1.8283137e-14
CASSLGGLSGELFF,VTEHDTLLY,A*02:01,0,0,0,3.1061894e-14
CASSLGGLSGELFF,NLVPMVATV,A*02:01,0,0,0,7.565264e-15
CASSLGGLSGELFF,VTEHDTLLY,A*01:01,0,0,0,3.6713257e-14
CASSNQGDGTDTQYF,LIVAAIVFI,A*02:01,0,0,0,5.72955e-28
CASSNQGDGTDTQYF,CLGGLLTMV,A*02:01,0,0,0,8.799564e-29
CASSNQGDGTDTQYF,YSEHPTFTSQY,A*02:01,0,0,0,9.8627914e-29
CASSNQGDGTDTQYF,GLCTLVAML,A*01:01,0,0,0,5.5507258e-14
CASSPTSGSIYEQYF,LIVAAIVFI,A*01:01,0,0,0,5.452083e-14
CASSPTSGSIYEQYF,VSDGGPNLY,A*02:01,0,0,0,6.652602e-15
CASSPTSGSIYEQYF,YSEHPTFTSQY,A*02:01,0,0,0,1.077458e-14
CASSQDLEEINTEAFF,NLVPMVATV,A*01:01,0,0,0,7.29704e-15
CASSQDLEEINTEAFF,YSEHPTFTSQY,A*01:01,0,0,0,1.1136477e-27
CASSQDLEEINTEAFF,GLDNHTILL,A*02:01,0,0,0,3.1218593e-28
CASSQGFGRYEQYF,VSDGGPNLY,A*01:01,0,0,0,7.6075817e-28
CASSQGFGRYEQYF,NLVPMVATV,A*02:01,0,0,0,7.3525674e-28
CASSQGFGRYEQYF,YSEHPTFTSQY,A*02:01,0,0,0,7.9400795e-28
CASSQGFGRYEQYF,YSEHPTFTSQY,A*01:01,0,0,0,1.40811095e-11
CASSQGFGRYEQYF,CLGGLLTMV,A*01:01,0,0,0,1.4090218e-11
CASSQGFGRYEQYF,LIVAAIVFI,A*01:01,0,0,0,1.9903506e-11
CASSQGFGRYEQYF,GILGFVFTL,A*02:01,0,0,0,5.3601346e-12
CASSQGFGRYEQYF,NLVPMVATV,A*01:01,0,0,0,1.24018625e-11
CASSQGLGKYEQYF,NLVPMVATV,A*01:01,0,0,0,1.24018625e-11
CASSQGLGKYEQYF,LIVAAIVFI,A*01:01,0,0,0,1.2283586e-19
CASSQGLGKYEQYF,VTEHDTLLY,A*02:01,0,0,0,1.2769645e-19
CASSQGLGKYEQYF,CLGGLLTMV,A*02:01,0,0,0,1.0916958e-19
CASSQGLGKYEQYF,VSDGGPNLY,A*02:01,0,0,0,2.5112247e-19
CASSQGLGKYEQYF,VTEHDTLLY,A*01:01,0,0,0,5.6153466e-20
CASSQGNYEQYF,VSDGGPNLY,A*01:01,0,0,0,1.3975098e-19
CASSQGNYEQYF,VSDGGPNLY,A*02:01,0,0,0,2.5112247e-19
CASSQGQGKYEQYF,LIVAAIVFI,A*01:01,0,0,0,3.73e-43
CASSQGQGKYEQYF,NLVPMVATV,A*01:01,0,0,0,7e-45
CASSQGQGKYEQYF,GLCTLVAML,A*02:01,0,0,0,4.346682e-39
CASSQGQGKYEQYF,GILGFVFTL,A*02:01,0,0,0,1.767e-42
CASSQGQLTYSGANVLTF,GLDNHTILL,A*01:01,0,0,0,0.0
CASSQGQLTYSGANVLTF,NLVPMVATV,A*01:01,0,0,0,4.1641878e-30
CASSQGQLTYSGANVLTF,VTEHDTLLY,A*01:01,0,0,0,2.765274e-22
CASSQGQLTYSGANVLTF,GLCTLVAML,A*02:01,0,0,0,4.5083267e-19
CASSQMGDGETQYF,GILGFVFTL,A*01:01,0,0,0,1.7797316e-21
CASSQMGDGETQYF,GLCTLVAML,A*02:01,0,0,0,4.5083267e-19
CASSQMGDGETQYF,LIVAAIVFI,A*01:01,0,0,0,2.1939656e-20
CASSQMGDGETQYF,GLDNHTILL,A*02:01,0,0,0,3.2987488e-21
CASSQMGDGETQYF,NLVPMVATV,A*02:01,0,0,0,1e-45
CASSREKVPYEQYF,GLDNHTILL,A*02:01,0,0,0,6e-45
CASSREKVPYEQYF,LIVAAIVFI,A*01:01,0,0,0,2.5e-44
CASSREKVPYEQYF,GILGFVFTL,A*02:01,0,0,0,2e-44
CASSREKVPYEQYF,GLCTLVAML,A*01:01,0,0,0,5.02e-43
CASSREKVPYEQYF,GILGFVFTL,A*01:01,0,0,0,3.2061409e-18
CASSREKVPYEQYF,GLDNHTILL,A*01:01,0,0,0,4.8277536e-18
CASSSGQINTGELFF,YSEHPTFTSQY,A*02:01,0,0,0,3.0753176e-17
CASSSGQINTGELFF,VSDGGPNLY,A*02:01,0,0,0,1.1308333e-16
CASSSGQINTGELFF,LIVAAIVFI,A*02:01,0,0,0,9.7472025e-17
CASSSGQINTGELFF,GILGFVFTL,A*01:01,0,0,0,3.2061409e-18
CASSSKTSGRFYEQFF,VSDGGPNLY,A*01:01,0,0,0,1.2527592e-17
CASSSKTSGRFYEQFF,NLVPMVATV,A*01:01,0,0,0,1.9673653e-18
CASSSKTSGRFYEQFF,GLCTLVAML,A*02:01,0,0,0,1.0581221e-30
CASSSKTSGRFYEQFF,NLVPMVATV,A*02:01,0,0,0,5.951099e-32
CASSSKTSGRFYEQFF,GLCTLVAML,A*01:01,0,0,0,4.17293e-32
CASSSVNEQYF,LIVAAIVFI,A*01:01,0,0,0,2.0156504e-32
CASSSVNEQYF,GLDNHTILL,A*01:01,0,0,0,7.1642255e-32
CASSSVNEQYF,GLDNHTILL,A*02:01,0,0,0,1.6281763e-31
CASSSVNEQYF,LIVAAIVFI,A*02:01,0,0,0,3.47567e-25
CASSTDPYEAFF,GLDNHTILL,A*01:01,0,0,0,1.7396948e-25
CASSTDPYEAFF,NLVPMVATV,A*02:01,0,0,0,2.7959348e-25
CASSTDPYEAFF,GILGFVFTL,A*01:01,0,0,0,3.6843792e-26
CASSTDPYEAFF,NLVPMVATV,A*01:01,0,0,0,6.948861e-26
CASSTDPYEAFF,YSEHPTFTSQY,A*02:01,0,0,0,2.5176242e-25
CASSTDPYEAFF,GLDNHTILL,A*02:01,0,0,0,7.52384e-25
CASSTDPYEAFF,CLGGLLTMV,A*02:01,0,0,0,2.8336552e-25
CASSYGGLATEAFF,GLCTLVAML,A*01:01,0,0,0,5.46423e-11
CASSYGGLATEAFF,NLVPMVATV,A*01:01,0,0,0,3.7525424e-11
CASSYGGLATEAFF,VSDGGPNLY,A*01:01,0,0,0,6.0595175e-11
CASSYGGLATEAFF,GLDNHTILL,A*02:01,0,0,0,2.6928001e-11
CASSYGGLATEAFF,LIVAAIVFI,A*02:01,0,0,0,6.539478e-11
CASSYGGLSYEQYF,LIVAAIVFI,A*02:01,0,0,0,6.539478e-11
CASSYGGLSYEQYF,VSDGGPNLY,A*01:01,0,0,0,6.0595175e-11
CASSYGGLSYEQYF,GLDNHTILL,A*02:01,0,0,0,5.7224885e-15
CASSYGGLSYEQYF,LIVAAIVFI,A*01:01,0,0,0,1.3011699e-15
CASSYGGLSYEQYF,GILGFVFTL,A*01:01,0,0,0,9.874028e-18
CASSYGGLSYEQYF,YSEHPTFTSQY,A*02:01,0,0,0,5.674446e-16
CASSYGGLSYEQYF,YSEHPTFTSQY,A*01:01,0,0,0,4.2264678e-18
CATRLKGTEGLFF,GILGFVFTL,A*02:01,0,0,0,7.74434e-16
CATRLKGTEGLFF,YSEHPTFTSQY,A*02:01,0,0,0,4.1815537e-38
CATRLKGTEGLFF,YSEHPTFTSQY,A*01:01,0,0,0,3.48059e-40
CATRLKGTEGLFF,NLVPMVATV,A*01:01,0,0,0,2.57142e-40
CATRLKGTEGLFF,NLVPMVATV,A*02:01,0,0,0,2.064956e-38
CATRLKGTEGLFF,LIVAAIVFI,A*02:01,0,0,0,1.7473328e-37
CATRQGFTEAFF,CLGGLLTMV,A*01:01,0,0,0,1.90662e-40
CATRQGFTEAFF,YSEHPTFTSQY,A*02:01,0,0,0,2.1893894e-15
CATRQGFTEAFF,NLVPMVATV,A*01:01,0,0,0,1.2075976e-15
CATRQGFTEAFF,YSEHPTFTSQY,A*01:01,0,0,0,2.2907612e-15
CATRQGFTEAFF,GLCTLVAML,A*01:01,0,0,0,2.524494e-15
CATSRVQGRVTGELFF,GLCTLVAML,A*02:01,0,0,0,8.060988e-15
CATSRVQGRVTGELFF,GLCTLVAML,A*01:01,0,0,0,1.5418113e-20
CATSRVQGRVTGELFF,CLGGLLTMV,A*02:01,0,0,0,1.4355826e-18
CATSRVQGRVTGELFF,GLDNHTILL,A*01:01,0,0,0,4.856805e-20
CATSRVQGRVTGELFF,VSDGGPNLY,A*01:01,0,0,0,2.464945e-20
CATSSLMTGGTSNEQFF,GILGFVFTL,A*02:01,0,0,0,1.9590375e-18
CATSSLMTGGTSNEQFF,VSDGGPNLY,A*01:01,0,0,0,4e-45
CATSSLMTGGTSNEQFF,LIVAAIVFI,A*01:01,0,0,0,1e-45
CATSSLMTGGTSNEQFF,YSEHPTFTSQY,A*02:01,0,0,0,1e-45
CATSSPAESTDTQYF,GILGFVFTL,A*02:01,0,0,0,3e-45
CATSSPAESTDTQYF,GLDNHTILL,A*02:01,0,0,0,1e-45
CATSSPAESTDTQYF,LIVAAIVFI,A*02:01,0,0,0,1.7e-44
CATSSPAESTDTQYF,VTEHDTLLY,A*01:01,0,0,0,0.0
CAWSVLTAGEQFF,NLVPMVATV,A*01:01,0,0,0,1.033973e-39
CAWSVLTAGEQFF,GLDNHTILL,A*01:01,0,0,0,1.620462e-39
CAWSVLTAGEQFF,VTEHDTLLY,A*02:01,0,0,0,4.2965058e-37
CAWSVLTAGEQFF,VTEHDTLLY,A*01:01,0,0,0,2.20322e-40
CAWSVLTAGEQFF,NLVPMVATV,A*02:01,0,0,0,3.077493e-37
CAWSVLTAGEQFF,GLDNHTILL,A*02:01,0,0,0,2.236639e-36
CSALQENTGELFF,GILGFVFTL,A*01:01,0,0,0,7.6381e-39
CSALQENTGELFF,VTEHDTLLY,A*02:01,0,0,0,4.2965058e-37
CSALQENTGELFF,CLGGLLTMV,A*02:01,0,0,0,1.9632604e-37
CSALQENTGELFF,NLVPMVATV,A*01:01,0,0,0,1.033973e-39
CSALQENTGELFF,LIVAAIVFI,A*02:01,0,0,0,1.5645237e-24
CSALQENTGELFF,NLVPMVATV,A*02:01,0,0,0,1.6576561e-24
CSALQENTGELFF,GLCTLVAML,A*02:01,0,0,0,1.9450918e-24
CSALQENTGELFF,VSDGGPNLY,A*01:01,0,0,0,6.174439e-25
CSALQENTGELFF,YSEHPTFTSQY,A*01:01,0,0,0,8.8031694e-26
CSAQDRENYGYTF,VTEHDTLLY,A*02:01,0,0,0,3.354215e-20
CSAQDRENYGYTF,YSEHPTFTSQY,A*02:01,0,0,0,3.0276003e-20
CSAQDRENYGYTF,VTEHDTLLY,A*01:01,0,0,0,1.8137746e-21
CSAQDRENYGYTF,CLGGLLTMV,A*01:01,0,0,0,1.5339261e-21
CSARREFGTSGGSSYNEQFF,GLDNHTILL,A*02:01,0,0,0,4.468584e-20
CSARREFGTSGGSSYNEQFF,GILGFVFTL,A*01:01,0,0,0,1.8876756e-21
CSARREFGTSGGSSYNEQFF,LIVAAIVFI,A*01:01,0,0,0,1.2004512e-22
CSARREFGTSGGSSYNEQFF,VTEHDTLLY,A*01:01,0,0,0,5.645278e-23
CSARREFGTSGGSSYNEQFF,GLDNHTILL,A*01:01,0,0,0,7.392324e-23
CSARRLGTDKREQYF,NLVPMVATV,A*02:01,0,0,0,1.154868e-22
CSARRLGTDKREQYF,GILGFVFTL,A*02:01,0,0,0,2.6350014e-22
CSARRLGTDKREQYF,CLGGLLTMV,A*01:01,0,0,0,8.965883e-18
CSARRLGTDKREQYF,VSDGGPNLY,A*02:01,0,0,0,3.0681834e-16
CSGEWDQNIQYF,NLVPMVATV,A*02:01,0,0,0,9.3891815e-17
CSGEWDQNIQYF,LIVAAIVFI,A*02:01,0,0,0,6.1250853e-16
CSGEWDQNIQYF,GILGFVFTL,A*02:01,0,0,0,1.10614714e-16
CSGEWDQNIQYF,GLDNHTILL,A*02:01,0,0,0,5.875603e-16
CSGEWDQNIQYF,GILGFVFTL,A*01:01,0,0,0,1.5555804e-30
CSVGGSFYGYTF,YSEHPTFTSQY,A*01:01,0,0,0,7.0980444e-31
CSVGGSFYGYTF,GLDNHTILL,A*02:01,0,0,0,2.594733e-30
CSVGGSFYGYTF,CLGGLLTMV,A*02:01,0,0,0,1.7191009e-30
CSVGGSFYGYTF,YSEHPTFTSQY,A*02:01,0,0,0,3.44505e-30
